City,Lat,Lng,Max Temp,Humidity,Cloudiness,Wind Speed,Country,Date
New Norfolk,-42.7826,147.0587,61.0,83,76,1.92,AU,1611943324
Cape Town,-33.9258,18.4232,73.4,56,0,13.8,ZA,1611942913
Avarua,-21.2078,-159.775,78.8,89,40,5.75,CK,1611943097
Uglovoye,44.8215,33.6045,44.01,62,99,7.0,UA,1611943325
Chui,-33.6971,-53.4616,79.63,59,52,10.56,UY,1611942967
Lima,-12.0432,-77.0282,78.8,57,0,8.05,PE,1611943059
Granada,37.25,-3.25,62.01,62,0,5.84,ES,1611943325
Manbij,36.5281,37.9549,37.4,81,20,6.91,SY,1611943325
Shelburne,44.0787,-80.2041,15.01,79,90,4.61,CA,1611943325
Ushuaia,-54.8,-68.3,39.2,65,75,25.32,AR,1611943326
Horsham,51.064,-0.3272,48.99,87,40,11.5,GB,1611943326
Russell,32.3502,-85.1999,51.01,34,1,2.71,US,1611943150
Punta Arenas,-53.15,-70.9167,48.2,53,75,20.71,CL,1611943098
Taksimo,56.3444,114.8794,-34.37,76,57,0.27,RU,1611943326
Bluff,-46.6,168.3333,46.85,81,40,2.48,NZ,1611943098
Mataura,-46.1927,168.8643,39.43,95,32,1.9,NZ,1611943042
Meridian,43.6121,-116.3915,37.99,93,90,4.61,US,1611943185
Correntina,-13.3433,-44.6367,91.02,34,34,4.14,BR,1611943327
Bubaque,11.2833,-15.8333,78.91,70,5,13.58,GW,1611943327
Bethel,41.3712,-73.414,15.01,60,5,1.99,US,1611943327
Nola,40.922,14.5329,57.99,94,75,12.66,IT,1611943200
Rikitea,-23.1203,-134.9692,79.38,69,81,6.2,PF,1611943099
Tezu,27.9167,96.1667,61.61,30,14,4.12,IN,1611943328
Hithadhoo,-0.6,73.0833,82.15,78,55,12.91,MV,1611943328
George Town,5.4112,100.3354,78.01,83,20,3.44,MY,1611942815
Cayenne,4.9333,-52.3333,78.8,89,75,11.5,GF,1611943111
Cockburn Town,21.4612,-71.1419,73.4,56,40,17.27,TC,1611943328
Bonavista,48.6499,-53.1147,28.0,86,100,4.61,CA,1611943328
Krasnosel'kup,65.7,82.4667,-28.3,82,96,7.47,RU,1611943140
Dikson,73.5069,80.5464,-33.27,85,54,5.19,RU,1611943097
Poum,-20.2333,164.0167,78.94,77,40,14.36,NC,1611943329
Kapaa,22.0752,-159.319,71.6,78,75,18.41,US,1611942970
Hermanus,-34.4187,19.2345,70.0,73,8,7.34,ZA,1611943096
Yellowknife,62.456,-114.3525,-20.99,76,20,5.75,CA,1611943025
Bambous Virieux,-20.3428,57.7575,81.0,78,75,11.5,MU,1611943110
Saint Paul Harbor,57.79,-152.4072,33.8,75,90,19.57,US,1611942968
Smithers,54.7804,-127.1743,8.6,78,75,5.75,CA,1611943140
Vestmannaeyjar,63.4427,-20.2734,39.2,70,90,9.22,IS,1611943330
Nikolskoye,59.7035,30.7861,32.0,93,90,6.71,RU,1611943330
Dingle,10.9995,122.6711,73.83,88,92,11.63,PH,1611943137
Hilo,19.7297,-155.09,66.2,88,90,4.61,US,1611942889
Humaitá,-7.5061,-63.0208,83.79,83,86,1.92,BR,1611943331
Channel-Port aux Basques,47.5702,-59.1367,29.3,88,1,10.6,CA,1611943331
Iqaluit,63.7506,-68.5145,-13.0,70,1,27.63,CA,1611943097
Avera,33.194,-82.5271,46.4,39,1,3.27,US,1611943331
Belgrade,44.804,20.4651,48.2,76,40,3.44,RS,1611943250
Albany,42.6001,-73.9662,14.0,46,87,3.0,US,1611943088
Kandrian,-6.2167,149.55,80.65,80,98,12.53,PG,1611943331
Coracora,-15.0333,-73.7833,61.39,32,0,11.65,PE,1611943332
Estelle,29.8458,-90.1067,55.99,71,20,9.22,US,1611943271
Khatanga,71.9667,102.5,-46.23,72,0,2.24,RU,1611943332
Visnes,59.3556,5.2242,34.0,80,75,9.22,NO,1611943332
Orocué,4.7912,-71.3354,93.67,33,65,13.82,CO,1611943332
Gorontalo,0.5412,123.0595,73.67,83,39,3.2,ID,1611943332
Honningsvåg,70.9821,25.9704,19.4,86,75,11.5,NO,1611943333
Tuktoyaktuk,69.4541,-133.0374,-34.6,74,1,5.75,CA,1611943101
Marawi,7.9986,124.2928,73.99,93,100,5.99,PH,1611943333
Lebu,-37.6167,-73.65,59.25,96,99,2.42,CL,1611943102
Vila Franca do Campo,37.7167,-25.4333,62.6,77,20,11.5,PT,1611943334
Aklavik,68.2191,-135.0107,-31.0,68,40,3.44,CA,1611943334
Jamestown,42.097,-79.2353,21.99,73,90,13.8,US,1611942924
Kashgar,39.4547,75.9797,26.6,54,0,8.95,CN,1611943334
Romitan,39.9343,64.3814,42.8,52,0,2.3,UZ,1611943334
Airai,-8.9266,125.4092,62.01,100,100,4.45,TL,1611943094
Aranos,-24.1333,19.1167,86.41,18,85,13.98,NA,1611943335
Bandarbeyla,9.4942,50.8122,74.53,73,11,14.7,SO,1611943335
San Rafael,-34.6177,-68.3301,83.44,22,73,7.45,AR,1611943335
Hutchinson,38.0608,-97.9298,44.6,57,1,17.27,US,1611943335
Nanortalik,60.1432,-45.2371,35.01,84,100,7.76,GL,1611943336
Honiara,-9.4333,159.95,79.05,82,100,9.42,SB,1611943104
Lázaro Cárdenas,17.9583,-102.2,84.31,51,100,5.3,MX,1611943148
Peterborough,52.5736,-0.2478,48.2,87,75,10.36,GB,1611943252
Camopi,3.1655,-52.3158,79.86,92,76,3.4,GF,1611943336
Bac Lieu,9.285,105.7244,75.58,74,85,16.71,VN,1611943336
Khorramshahr,30.4397,48.1664,66.2,77,20,11.5,IR,1611943126
Coahuayana Viejo,18.7333,-103.6833,82.4,47,40,5.75,MX,1611943337
Manaure,11.7751,-72.4445,85.78,48,24,13.91,CO,1611943337
Geraldton,-28.7667,114.6,80.6,19,0,12.66,AU,1611943139
Busselton,-33.65,115.3333,64.0,80,0,3.0,AU,1611943093
Dustlik,40.5247,68.0358,42.12,55,16,13.91,UZ,1611943272
Saldanha,-33.0117,17.9442,65.64,87,0,13.29,ZA,1611942989
Ulladulla,-35.35,150.4667,69.01,100,90,1.14,AU,1611943338
Barrow,71.2906,-156.7887,-16.6,76,1,11.5,US,1611943094
Kikwit,-5.041,18.8162,77.36,77,69,0.87,CD,1611943170
Zarubino,42.63,131.0922,2.16,84,20,7.38,RU,1611943338
Nioro,13.35,-15.75,98.26,8,95,5.37,GM,1611943338
Yemtsa,63.0734,40.3329,23.38,97,100,10.02,RU,1611943338
Provideniya,64.3833,-173.3,-9.06,82,94,9.01,RU,1611943114
Qaanaaq,77.484,-69.3632,-14.73,59,0,4.59,GL,1611943105
Hambantota,6.1241,81.1185,77.54,78,98,8.59,LK,1611943253
Port Hardy,50.6996,-127.4199,41.0,87,90,20.71,CA,1611943200
Mount Isa,-20.7333,139.5,84.2,54,98,6.91,AU,1611943252
Kurayoshi,35.4333,133.8167,33.8,75,75,6.91,JP,1611943339
Kenai,60.5544,-151.2583,25.0,85,1,8.43,US,1611943340
Mnogovershinnyy,53.9353,139.9242,-10.53,92,100,5.08,RU,1611943340
Kiryat Gat,31.61,34.7642,54.0,100,53,12.68,IL,1611943112
Yangi Marg`ilon,40.4272,71.7189,33.8,51,0,6.91,UZ,1611943134
Henties Bay,-22.116,14.2845,69.01,79,54,4.99,NA,1611943340
Mareeba,-17.0,145.4333,77.0,88,75,11.5,AU,1611943215
Mońki,53.405,22.7979,21.0,90,64,5.53,PL,1611943341
Souillac,-20.5167,57.5167,80.6,78,75,11.5,MU,1611943121
East London,-33.0153,27.9116,73.4,73,40,3.44,ZA,1611943103
Jumla,29.2747,82.1838,28.65,79,2,3.31,NP,1611943341
Cidreira,-30.1811,-50.2056,81.5,82,14,8.52,BR,1611942961
Huddersfield,53.649,-1.7842,44.01,82,65,1.01,GB,1611943342
Playa Vicente,17.8333,-95.8167,68.54,86,100,6.82,MX,1611943342
Bitung,1.4451,125.1824,73.4,94,20,1.14,ID,1611943342
Taoudenni,22.6783,-3.9836,78.57,16,0,6.44,ML,1611943343
Upernavik,72.7868,-56.1549,-8.5,80,40,11.65,GL,1611943095
Longyearbyen,78.2186,15.6401,-2.2,55,20,25.32,SJ,1611943009
Znamenka,52.4167,41.4311,27.86,97,89,14.29,RU,1611943343
Puerto Ayora,-0.7393,-90.3518,84.2,70,20,12.66,EC,1611943096
Isangel,-19.55,169.2667,76.57,81,35,13.0,VU,1611943343
Tortolì,39.9256,9.6572,66.2,27,20,34.52,IT,1611943343
Al Bardīyah,31.7561,25.0865,58.5,57,22,16.33,LY,1611943344
Rawson,-43.3002,-65.1023,62.1,54,23,23.2,AR,1611943257
Broome,42.2506,-75.833,16.0,62,90,16.11,US,1611943344
Meulaboh,4.1363,96.1285,76.35,85,99,6.69,ID,1611943344
Hasaki,35.7333,140.8333,33.8,47,20,11.5,JP,1611943106
Oxapampa,-10.5775,-75.4017,66.54,88,99,3.02,PE,1611943345
Samarai,-10.6167,150.6667,82.35,74,98,7.74,PG,1611943345
Lavrentiya,65.5833,-171.0,-16.31,82,47,14.41,RU,1611943345
Tasiilaq,65.6145,-37.6368,17.6,93,75,23.02,GL,1611943094
Zhezkazgan,47.8043,67.7144,14.41,94,0,11.88,KZ,1611943345
Yenagoa,4.9247,6.2642,83.44,70,26,8.66,NG,1611943351
Dicabisagan,17.0818,122.4157,69.48,82,98,13.4,PH,1611943351
Port Lincoln,-34.7333,135.8667,62.91,72,96,13.53,AU,1611943351
São Filipe,14.8961,-24.4956,77.97,55,100,8.63,CV,1611943351
Puerto Escondido,15.85,-97.0667,84.2,74,20,8.05,MX,1611943109
Vaini,-21.2,-175.2,75.2,100,90,14.97,TO,1611943094
Darhan,49.4867,105.9228,0.3,87,100,4.14,MN,1611943352
Nyurba,63.2842,118.3319,-49.7,76,84,1.45,RU,1611943138
Ambilobe,-13.2,49.05,75.72,90,100,1.36,MG,1611943126
Lakes Entrance,-37.8811,147.981,66.0,97,89,1.01,AU,1611943300
Oga,46.4631,10.347,37.99,55,75,11.5,IT,1611943353
Senhor do Bonfim,-10.4614,-40.1894,93.15,27,40,8.52,BR,1611943353
Ketchikan,55.3422,-131.6461,30.2,80,90,7.09,US,1611943148
Palauig,15.435,119.9045,74.1,69,26,8.46,PH,1611943353
Moerai,-22.4333,-151.3333,80.4,73,2,11.54,PF,1611943353
Fortuna,40.5982,-124.1573,45.0,100,20,8.05,US,1611943111
Nurota,40.5614,65.6886,42.8,45,0,13.8,UZ,1611943354
Ureki,41.9956,41.7786,44.6,93,75,9.22,GE,1611943354
Ganzhou,28.8184,115.4327,46.74,53,90,1.74,CN,1611943354
Mossamedes,-15.1961,12.1522,74.68,75,89,12.53,AO,1611943354
Talnakh,69.4865,88.3972,-32.8,70,0,0.72,RU,1611943134
Sobolevo,54.4299,31.8996,22.59,97,100,11.63,RU,1611943355
Kaitangata,-46.2817,169.8464,42.67,92,15,6.15,NZ,1611943109
Hervey Bay,-25.2986,152.8535,75.0,83,18,1.01,AU,1611943355
Karaj,35.8355,51.0103,50.0,34,90,19.57,IR,1611943355
Ishikari,43.2397,141.3539,26.01,85,82,1.3,JP,1611943355
Kalianget,-7.05,113.9333,79.83,81,100,20.89,ID,1611943356
Saint-Philippe,-21.3585,55.7679,80.6,65,0,4.61,RE,1611943101
Batagay-Alyta,67.8006,130.4114,-35.16,79,89,1.57,RU,1611943101
Devonport,-41.1667,146.35,63.0,95,98,9.13,AU,1611943356
Mahébourg,-20.4081,57.7,80.6,78,75,11.5,MU,1611942998
Bossier City,32.516,-93.7321,54.0,61,1,9.22,US,1611943091
Atuona,-9.8,-139.0333,78.85,75,10,19.6,PF,1611943099
Elbistan,38.2059,37.1983,23.59,93,98,1.92,TR,1611943357
Severo-Kuril'sk,50.6789,156.125,21.02,93,100,19.48,RU,1611943098
Nakhon Phanom,17.3333,104.4167,59.32,82,58,5.75,TH,1611943357
Tiksi,71.6872,128.8694,-30.64,85,88,5.26,RU,1611943357
Cooma,-36.2333,149.1333,59.0,100,90,10.36,AU,1611943357
Nador,35.174,-2.9287,68.0,88,40,12.66,MA,1611943357
Nagari,13.3333,79.5833,68.94,83,3,3.33,IN,1611943358
Micheweni,-4.9667,39.8333,80.83,79,10,16.2,TZ,1611943160
Chokurdakh,70.6333,147.9167,-23.06,87,100,7.87,RU,1611943100
Tianpeng,30.9866,103.9393,48.2,93,40,5.08,CN,1611943358
Hamilton,39.1834,-84.5333,32.0,64,90,3.44,US,1611943358
Pevek,69.7008,170.3133,-28.17,85,5,3.29,RU,1611943359
Nanyang,32.9947,112.5328,43.12,59,69,4.83,CN,1611943258
Arboletes,8.8505,-76.4269,84.76,66,97,10.4,CO,1611943359
Ambon City,-3.6954,128.1814,80.29,81,99,9.51,ID,1611943153
Hobbs,32.7026,-103.136,55.99,49,40,6.91,US,1611943359
Tighina,46.8306,29.4711,28.4,80,0,4.61,MD,1611943359
Fethiye,36.6217,29.1164,41.0,81,20,5.75,TR,1611943359
Okhotsk,59.3833,143.3,-14.01,79,37,6.67,RU,1611943120
Sand Springs,36.1398,-96.1089,51.8,50,1,8.05,US,1611943360
Faanui,-16.4833,-151.75,81.16,66,48,7.85,PF,1611942809
Lüderitz,-26.6481,15.1594,74.84,40,0,26.93,NA,1611943105
Srandakan,-7.9386,110.2506,75.9,92,100,9.84,ID,1611943360
Charlotte,35.2271,-80.8431,41.0,41,40,3.44,US,1611943055
Sittwe,20.15,92.9,65.64,65,0,7.2,MM,1611943360
Vanimo,-2.6741,141.3028,78.22,85,100,7.96,PG,1611943361
Cherskiy,68.75,161.3,-31.38,84,85,4.41,RU,1611943120
Qasigiannguit,68.8193,-51.1922,1.4,51,1,4.61,GL,1611943152
Dakar,14.6937,-17.4441,73.4,56,0,9.22,SN,1611943351
Necochea,-38.5473,-58.7368,82.0,45,82,12.62,AR,1611942979
Kiunga,-6.1219,141.2906,72.59,98,100,2.44,PG,1611943361
Clyde River,70.4692,-68.5914,-14.8,84,1,4.61,CA,1611943131
Umluj,25.0213,37.2685,66.7,55,0,13.8,SA,1611943298
Province of Mantua,45.1667,10.7833,37.99,80,20,5.75,IT,1611943362
Ambulu,-8.345,113.6058,75.42,89,100,2.44,ID,1611943362
Ngunguru,-35.6167,174.5,55.0,90,35,4.0,NZ,1611943118
Port Alfred,-33.5906,26.891,66.0,87,0,1.99,ZA,1611943097
Bredasdorp,-34.5322,20.0403,70.0,73,6,10.04,ZA,1611943095
Lata,40.1629,-8.3327,57.99,90,87,1.01,PT,1611943108
Bishoftu,8.75,38.9833,62.04,37,20,5.99,ET,1611943363
Aksarayskiy,46.7924,48.0119,33.8,86,0,4.47,RU,1611943363
Verkhniy Mamon,50.1635,40.3832,33.08,93,99,16.02,RU,1611943169
La Espigadilla,7.8833,-80.3833,91.4,43,20,19.57,PA,1611943364
Tilichiki,60.4667,166.1,-6.25,92,98,9.24,RU,1611943364
Maţāy,28.419,30.7792,51.37,46,0,6.69,EG,1611943364
Castro,-24.7911,-50.0119,68.2,93,100,7.16,BR,1611942809
Svetlograd,45.3353,42.8547,32.0,100,75,6.71,RU,1611943364
Hobart,-42.8794,147.3294,61.0,94,75,5.75,AU,1611943103
Ribeira Grande,38.5167,-28.7,62.6,72,20,16.11,PT,1611943134
Matata,-37.8833,176.75,54.0,61,38,1.99,NZ,1611943365
Carnarvon,-24.8667,113.6333,80.6,78,0,12.66,AU,1611943103
Sambava,-14.2667,50.1667,79.05,78,100,1.39,MG,1611943150
Miracema do Tocantins,-9.5618,-48.3967,84.34,70,84,5.7,BR,1611943365
Port Moresby,-9.4431,147.1797,75.2,94,90,9.22,PG,1611943280
Katsuura,35.1333,140.3,36.0,41,0,10.36,JP,1611943366
Angra dos Reis,-23.0067,-44.3181,98.6,30,0,5.75,BR,1611943195
Sirari,-1.2333,34.4333,64.02,82,43,3.29,TZ,1611943366
Skibotn,69.3913,20.2679,14.0,57,20,16.11,NO,1611943366
Norman Wells,65.282,-126.8329,-40.0,67,20,3.44,CA,1611943141
Vondrozo,-22.8167,47.2833,70.43,100,50,2.57,MG,1611943367
Adrar,20.5022,-10.0711,77.34,16,0,7.7,MR,1611943123
Paamiut,61.994,-49.6678,36.34,76,89,10.47,GL,1611943367
Ulaangom,49.9811,92.0667,-5.6,88,100,1.41,MN,1611943367
Arraial do Cabo,-22.9661,-42.0278,95.0,51,0,14.97,BR,1611943101
Aykhal,66.0,111.5,-35.95,80,46,6.42,RU,1611943161
Kruisfontein,-34.0033,24.7314,68.0,71,0,3.0,ZA,1611943368
Sitka,57.0531,-135.33,35.6,55,90,17.27,US,1611943157
Turukhansk,65.8167,87.9833,-28.82,78,100,6.42,RU,1611943368
Orchard Homes,46.8633,-114.0484,32.0,100,90,1.9,US,1611943368
Dolores Hidalgo Cuna de la Independencia Nacional,21.1561,-100.9308,62.01,61,90,2.98,MX,1611943368
Torbay,47.6666,-52.7314,28.0,80,75,17.27,CA,1611943113
Atar,20.5169,-13.0499,84.07,13,0,10.42,MR,1611943369
Mayumba,-3.432,10.6554,79.75,85,100,8.52,GA,1611943151
Hong Kong,22.2855,114.1577,60.01,77,0,1.01,HK,1611943369
Council Bluffs,41.2619,-95.8608,35.01,86,75,11.5,US,1611943369
Manta,-0.95,-80.7333,84.2,70,75,6.91,EC,1611943280
Marsh Harbour,26.5412,-77.0636,64.85,69,88,15.41,BS,1611943205
Shouguang,36.88,118.7375,44.01,55,3,1.01,CN,1611943370
Kokopo,-4.352,152.2633,80.19,82,88,8.63,PG,1611943370
Constitución,-35.3333,-72.4167,66.18,73,100,8.32,CL,1611943370
Butaritari,3.0707,172.7902,80.4,78,100,17.34,KI,1611943102
Redcar,54.6166,-1.06,39.99,95,79,10.0,GB,1611943370
Río Gallegos,-51.6226,-69.2181,52.59,44,94,27.74,AR,1611943132
Antonina,-25.4286,-48.7119,78.8,65,75,14.97,BR,1611943371
Xining,36.6167,101.7667,15.76,75,100,2.3,CN,1611943371
Kutum,14.2,24.6667,63.21,27,4,14.12,SD,1611943371
Korla,41.7597,86.1469,23.54,82,0,3.04,CN,1611943371
San Quintín,30.4833,-115.95,58.39,75,83,10.0,MX,1611943136
Birao,10.2849,22.7882,81.01,15,9,7.09,CF,1611943371
Bilma,18.6853,12.9164,66.76,23,75,6.24,NE,1611943371
Kologriv,58.8275,44.3178,21.42,97,99,7.07,RU,1611943372
Bocas del Toro,9.3333,-82.25,66.99,50,100,18.01,PA,1611943372
Heihe,50.2441,127.4902,-31.0,75,0,4.47,CN,1611943372
Muisne,0.6,-80.0333,82.4,89,75,2.3,EC,1611943372
Opuwo,-18.0607,13.84,76.89,50,95,6.51,NA,1611943372
Cabo San Lucas,22.8909,-109.9124,77.0,68,40,14.97,MX,1611942991
Mumford,5.2618,-0.759,80.89,79,41,11.23,GH,1611943373
Batemans Bay,-35.7167,150.1833,68.0,97,97,3.0,AU,1611943216
Seoul,37.5683,126.9778,23.0,50,75,8.05,KR,1611943373
Vengerovo,55.6848,76.7471,16.32,97,100,6.73,RU,1611943373
Okato,-39.2,173.8833,48.99,76,0,14.0,NZ,1611943373
Lircay,-12.9896,-74.7205,69.8,32,75,5.75,PE,1611943374
Chicama,-7.8447,-79.1469,71.6,78,20,11.5,PE,1611943133
Burley,42.5357,-113.7928,44.6,53,90,10.36,US,1611943374
City of San Pedro,14.35,121.0167,77.0,69,20,5.75,PH,1611943374
Hofn,64.2539,-15.2082,26.6,74,0,6.91,IS,1611943166
Hunchun,42.8675,130.3581,0.18,81,41,1.43,CN,1611943375
Manjacaze,-24.7117,33.8828,75.31,91,7,3.87,MZ,1611943375
Ajdabiya,30.7554,20.2263,59.38,76,31,7.85,LY,1611943375
Changping,40.2186,116.2197,28.0,48,0,4.47,CN,1611943318
Los Llanos de Aridane,28.6585,-17.9182,69.8,83,0,8.05,ES,1611943375
Isla Mujeres,21.2311,-86.731,77.0,53,75,14.97,MX,1611943375
Saint-Joseph,-21.3667,55.6167,80.6,65,0,4.61,RE,1611943376
Kavieng,-2.5744,150.7967,82.94,82,72,16.15,PG,1611943145
Praia da Vitória,38.7333,-27.0667,62.6,63,20,11.41,PT,1611943160
Asău,46.4333,26.4,37.4,75,0,10.36,RO,1611943154
Severnyy,50.677,36.5532,28.4,93,90,15.66,RU,1611943376
Novyy Buh,47.6931,32.5216,32.0,80,0,13.42,UA,1611943376
College,64.8569,-147.8028,0.0,71,75,3.44,US,1611943377
Lompoc,34.6391,-120.4579,48.2,93,90,6.91,US,1611943171
Birjand,32.8663,59.2211,50.0,11,0,13.8,IR,1611943377
Pangkalanbuun,-2.6833,111.6167,74.34,94,100,3.76,ID,1611943291
Skibbereen,51.55,-9.2667,44.6,93,75,6.91,IE,1611943125
Bengkulu,-3.8004,102.2655,75.67,87,100,4.65,ID,1611943377
Sola,-13.8833,167.55,81.25,82,91,16.2,VU,1611943377
Arlit,18.7369,7.3853,73.49,17,61,8.66,NE,1611943378
Nelson Bay,-32.7167,152.15,72.0,94,100,5.75,AU,1611943151
Cap Malheureux,-19.9842,57.6142,81.0,79,2,4.0,MU,1611943378
Gamba,-2.65,10.0,79.2,86,100,8.32,GA,1611943116
Mungwi,-10.1732,31.3694,63.93,96,96,3.96,ZM,1611943378
Fairbanks,64.8378,-147.7164,0.0,77,75,2.84,US,1611943061
Tavda,58.0425,65.2726,13.19,97,100,7.9,RU,1611943379
Nemuro,43.3236,145.575,28.33,98,100,22.79,JP,1611943379
Tallahassee,30.4383,-84.2807,55.0,35,1,3.44,US,1611943379
Port Elizabeth,-33.918,25.5701,68.0,73,0,12.66,ZA,1611943115
Teya,60.3778,92.6267,-26.72,81,100,6.15,RU,1611943379
Ballina,-28.8667,153.5667,69.8,88,90,4.61,AU,1611943028
Berceni,44.9333,26.1167,34.0,93,98,6.91,RO,1611943380
Guerrero Negro,27.9769,-114.0611,63.39,56,2,8.72,MX,1611943380
Senekal,-28.3197,27.6208,70.43,49,55,6.24,ZA,1611943380
Jiaocheng,24.6774,116.1389,46.26,59,0,1.81,CN,1611943380
Mindelo,16.8901,-24.9804,78.8,50,74,18.41,CV,1611943380
Inta,66.0317,60.1659,-16.47,82,62,14.34,RU,1611943381
Araouane,18.9048,-3.5265,77.45,16,0,7.96,ML,1611943156
Lufilufi,-13.8745,-171.5986,77.0,88,75,6.91,WS,1611943381
Nur-Sultan,51.1801,71.446,1.4,85,33,6.71,KZ,1611943381
Yar-Sale,66.8333,70.8333,-41.6,80,14,5.37,RU,1611943130
Lincoln,40.8,-96.667,36.0,83,60,5.99,US,1611943187
Porto-Novo,6.4965,2.6036,86.0,74,40,9.22,BJ,1611943382
Panalingaan,8.7842,117.4231,76.73,80,30,3.51,PH,1611943382
Chiang Khong,20.2613,100.4046,71.6,83,20,6.91,TH,1611943382
Altay,47.8667,88.1167,4.78,80,88,1.74,CN,1611943382
Kahului,20.8947,-156.47,69.8,78,40,12.66,US,1611942845
Tema,5.667,-0.0166,84.2,79,32,13.8,GH,1611943383
Saint George,37.1041,-113.5841,46.0,76,90,9.22,US,1611943069
Anori,-3.7728,-61.6442,81.52,89,73,3.4,BR,1611943383
Cape Canaveral,28.4058,-80.6048,64.4,59,1,12.66,US,1611943383
Deputatsky,69.3,139.9,-32.08,86,100,2.08,RU,1611943128
Kalengwa,-13.4659,25.0027,68.04,91,100,2.84,ZM,1611943384
Aitape,-3.1374,142.3475,79.21,83,99,7.61,PG,1611943158
Ahipara,-35.1667,173.1667,56.68,84,1,5.75,NZ,1611943384
Fare,-16.7,-151.0167,80.91,67,18,7.56,PF,1611943384
Prachuap Khiri Khan,12.2167,99.75,68.5,90,80,2.35,TH,1611943384
Grand Gaube,-20.0064,57.6608,81.0,79,3,4.0,MU,1611943159
Talgar,43.3027,77.2395,12.2,85,20,4.47,KZ,1611943385
Whitianga,-36.8333,175.7,57.0,74,70,1.01,NZ,1611943385
Machico,32.7,-16.7667,64.4,77,40,4.61,PT,1611943385
Roald,62.5833,6.1333,33.8,93,90,14.97,NO,1611943385
Uran,18.8769,72.9397,73.4,73,51,5.75,IN,1611943385
Dalby,-27.1833,151.2667,64.99,90,1,8.37,AU,1611943386
Caravelas,-17.7125,-39.2481,84.9,56,0,10.27,BR,1611943386
Kabare,-2.4683,28.8242,62.65,82,34,1.7,CD,1611943386
Kuopio,62.8924,27.677,24.8,93,90,8.05,FI,1611943219
Marfino,55.7028,37.3822,32.0,80,75,8.95,RU,1611943386
Kupang,-10.1667,123.5833,80.24,83,100,12.73,ID,1611943387
Quatre Cocos,-20.2078,57.7625,81.0,78,75,11.5,MU,1611943387
Chifeng,42.2683,118.9636,5.65,87,2,3.24,CN,1611943313
Koumac,-20.5667,164.2833,76.28,79,37,3.42,NC,1611943387
Sesto Fiorentino,43.8345,11.1952,50.0,100,75,2.3,IT,1611943387
Coquimbo,-29.9533,-71.3436,66.2,72,75,12.66,CL,1611943124
Beringovskiy,63.05,179.3167,-13.18,86,90,10.42,RU,1611943387
Nome,64.5011,-165.4064,-2.0,78,40,5.75,US,1611943128
Nogliki,51.8333,143.1667,2.08,92,100,14.94,RU,1611943388
Okha,53.5739,142.9478,-2.34,91,100,9.69,RU,1611943388
Vanino,49.0869,140.2543,3.25,90,100,7.09,RU,1611943388
Hvide Sande,56.0045,8.1294,28.99,84,100,4.0,DK,1611942860
Tefé,-3.3542,-64.7114,84.2,79,40,4.61,BR,1611943388
Codrington,-38.2667,141.9667,60.21,81,57,13.04,AU,1611943389
San Jose,37.3394,-121.895,51.01,81,1,3.44,US,1611943225
Lugovoy,42.9472,72.7644,22.95,81,0,5.61,KZ,1611943172
Sars,56.5502,57.1366,26.4,92,100,5.84,RU,1611943389
Buin,-33.7333,-70.75,78.01,46,90,5.61,CL,1611943389
Mar del Plata,-38.0023,-57.5575,84.2,30,0,11.5,AR,1611943117
Edd,13.9297,41.6925,78.93,43,0,13.87,ER,1611943390
Pallapatti,11.6593,78.1342,71.2,77,32,4.76,IN,1611943390
Sabang,5.8933,95.3214,81.32,78,91,17.6,ID,1611943390
Kerema,-7.9631,145.7785,78.46,81,100,6.08,PG,1611943149
San Cristobal,7.7669,-72.225,86.0,54,40,14.97,VE,1611943390
Zhireken,52.8249,117.3076,-29.67,81,52,1.74,RU,1611943390
Yumen,40.2833,97.2,22.82,74,0,16.51,CN,1611943390
Baharly,38.4362,57.4316,54.07,39,49,4.38,TM,1611943391
San Policarpo,12.1791,125.5072,77.95,84,100,23.35,PH,1611943391
Chirongui,-12.9319,45.1483,80.6,83,0,3.44,YT,1611943391
Atherton,53.5237,-2.4935,46.99,79,87,5.99,GB,1611943391
Denpasar,-8.65,115.2167,78.8,89,40,3.44,ID,1611943391
Ponta do Sol,32.6667,-17.1,60.01,74,20,1.99,PT,1611942984
Saskylakh,71.9167,114.0833,-38.97,79,38,2.48,RU,1611943112
Carutapera,-1.195,-46.02,86.74,60,61,11.59,BR,1611943392
Bucerías,20.75,-105.3333,82.4,51,20,5.75,MX,1611943392
Auki,-8.7676,160.7034,78.94,82,100,9.19,SB,1611943392
Shankargarh,25.1833,81.6167,49.68,54,0,5.41,IN,1611943392
Burnie,-41.0667,145.9167,60.01,99,97,3.0,AU,1611943392
Bay Roberts,47.5999,-53.2648,28.0,80,92,7.0,CA,1611943393
Sinnamary,5.3833,-52.95,79.16,87,53,11.83,GF,1611943106
Lesozavodsk,45.4794,133.4244,-24.16,86,1,3.56,RU,1611943393
Alice Springs,-23.7,133.8833,80.6,61,75,5.75,AU,1611942993
Yerbogachën,61.2767,108.0108,-43.76,78,42,5.08,RU,1611943166
Port Blair,11.6667,92.75,79.05,83,62,7.09,IN,1611943394
Bathsheba,13.2167,-59.5167,82.4,61,20,14.97,BB,1611942992
Pangnirtung,66.1451,-65.7125,-11.2,84,1,2.3,CA,1611943394
Volodarskiy,46.4013,48.5409,33.8,86,0,4.47,RU,1611943394
Marysville,48.0518,-122.1771,39.99,100,90,4.61,US,1611943200
Tuatapere,-46.1333,167.6833,42.87,89,28,3.33,NZ,1611943018
Dunedin,-45.8742,170.5036,51.01,74,17,1.99,NZ,1611943127
Khani,41.9563,42.9566,42.8,100,90,2.3,GE,1611943395
Bowen,-20.0167,148.2333,73.4,88,19,6.91,AU,1611943395
Egvekinot,66.3167,-179.1667,-20.6,84,13,15.59,RU,1611943395
Camacupa,-12.0167,17.4833,65.41,89,88,6.17,AO,1611943396
Saint-Augustin,51.226,-58.6502,21.31,89,0,11.32,CA,1611943396
Ormstown,45.1334,-73.9992,6.01,61,100,11.5,CA,1611943200
Lohārdagā,23.4333,84.6833,57.2,94,40,4.27,IN,1611943396
Bavly,54.393,53.2602,23.97,98,100,9.53,RU,1611943396
Uthal,25.8072,66.6219,56.55,73,0,2.46,PK,1611943310
Mogadishu,2.0371,45.3438,76.96,74,2,24.38,SO,1611943129
Sisimiut,66.9395,-53.6735,10.69,74,0,9.44,GL,1611943397
Kavaratti,10.5669,72.642,80.92,69,0,8.43,IN,1611943397
Klaksvík,62.2266,-6.589,32.0,64,75,10.36,FO,1611943397
Aksarka,66.5606,67.7975,-43.02,80,18,3.02,RU,1611943397
Antsohihy,-14.8796,47.9875,75.51,89,99,2.93,MG,1611943329
Linfen,36.0889,111.5189,37.87,59,62,3.76,CN,1611943398
Ontario,34.0633,-117.6509,51.8,81,90,1.28,US,1611943287
Jadu,31.953,12.0261,59.45,41,0,9.98,LY,1611943398
Chapais,49.7834,-74.8492,1.4,85,90,11.5,CA,1611943133
Raudeberg,61.9875,5.1352,33.01,93,75,10.36,NO,1611943398
Sattahip,12.6664,100.9007,75.2,83,20,5.75,TH,1611943398
Devarkonda,16.7,78.9333,71.37,70,88,6.22,IN,1611943399
Comodoro Rivadavia,-45.8667,-67.5,59.0,51,75,4.61,AR,1611943201
Mocorito,25.4833,-107.9167,87.73,20,15,2.59,MX,1611943399
Olafsvik,64.8945,-23.7142,34.16,89,98,3.06,IS,1611943399
Presidencia Roque Sáenz Peña,-26.7852,-60.4388,99.0,42,1,1.99,AR,1611943399
Hirara,24.8,125.2833,59.97,67,85,19.06,JP,1611943107
Mukono,0.3533,32.7553,77.0,65,20,9.22,UG,1611943400
Bulgan,48.8125,103.5347,17.91,86,84,11.7,MN,1611943400
Gizo Government Station,-8.103,156.8419,82.11,78,97,10.13,SB,1611943400
Tonota,-21.4833,27.4833,69.8,100,40,2.3,BW,1611943400
Tabora,-5.0167,32.8,68.7,83,59,2.46,TZ,1611943400
Palma di Montechiaro,37.1926,13.765,57.2,88,0,13.8,IT,1611943401
Vardø,70.3705,31.1107,21.2,86,75,17.27,NO,1611943113
Ormara,25.2088,64.6357,68.49,42,0,5.12,PK,1611943401
Jieshi,22.8134,115.8257,54.32,71,0,20.94,CN,1611943401
Maragogi,-9.0122,-35.2225,81.57,73,100,10.98,BR,1611943401
Makkah al Mukarramah,21.4267,39.8261,70.63,54,3,12.08,SA,1611943149
Juneau,58.3019,-134.4197,26.01,80,90,5.91,US,1611943402
Mount Gambier,-37.8333,140.7667,59.0,94,75,9.22,AU,1611943402
Thinadhoo,0.5333,72.9333,81.43,79,79,14.29,MV,1611943402
Pemberton,50.3164,-122.8027,28.0,93,90,0.07,CA,1611943200
Pathein,16.7833,94.7333,72.48,89,12,5.61,MM,1611943402
La Rioja,42.25,-2.5,59.0,67,20,8.05,ES,1611943402
Onega,63.9061,38.1404,25.27,97,100,12.59,RU,1611943403
Qingyuan,23.7,113.0333,62.01,67,0,6.71,CN,1611943403
Genhe,50.7833,121.5167,-28.16,82,88,2.55,CN,1611943403
Deer Lake,49.1667,-57.4316,28.4,64,1,3.44,CA,1611943403
Shimoda,34.6667,138.95,30.99,66,0,1.99,JP,1611943403
Plettenberg Bay,-34.0527,23.3716,65.71,72,0,3.31,ZA,1611943403
Bira,49.0,132.4667,-16.83,80,5,3.36,RU,1611943404
Lyambir',54.2817,45.1249,26.74,98,100,11.18,RU,1611943404
São João da Barra,-21.6403,-41.0511,87.8,55,20,20.71,BR,1611943404
Thompson,55.7435,-97.8558,-2.2,84,90,4.61,CA,1611943105
Kibaya,-5.3,36.5667,60.78,99,93,4.61,TZ,1611943404
Mankera,31.3866,71.4407,56.21,34,0,2.68,PK,1611943404
Dayong,25.0209,118.2898,51.8,58,0,11.18,CN,1611943405
Majene,-3.5403,118.9707,79.48,75,100,7.45,ID,1611943405
Vila Velha,-20.3297,-40.2925,87.8,58,20,19.57,BR,1611943405
Sept-Îles,50.2001,-66.3821,14.0,56,5,8.05,CA,1611943319
Santa Ana,33.7456,-117.8678,57.2,67,75,3.44,US,1611943405
Xai-Xai,-25.0519,33.6442,76.86,88,0,5.3,MZ,1611943405
Nuuk,64.1835,-51.7216,28.4,69,20,6.91,GL,1611943405
Dudinka,69.4058,86.1778,-35.57,78,14,5.82,RU,1611943406
Chapada dos Guimarães,-15.4606,-55.7497,86.0,62,75,14.97,BR,1611943406
Peleduy,59.6289,112.7406,-41.84,77,60,3.78,RU,1611943406
Fort Saint James,54.4333,-124.25,-4.02,89,100,1.41,CA,1611943406
Wagar,16.1525,36.2032,74.01,64,6,18.07,SD,1611943406
Qaqortoq,60.7167,-46.0333,44.6,29,75,32.21,GL,1611943123
Dunhua,43.3725,128.2425,-3.89,90,91,3.76,CN,1611943407
Kamiiso,41.8167,140.65,31.01,96,95,25.05,JP,1611943407
Amnat Charoen,15.9167,104.75,65.07,75,42,15.88,TH,1611943343
Lorengau,-2.0226,147.2712,82.54,78,28,9.95,PG,1611943104
Ndola,-12.9587,28.6366,70.0,87,100,1.01,ZM,1611943407
Ucluelet,48.9329,-125.5528,43.0,93,90,11.5,CA,1611942860
Moses Lake,47.1301,-119.2781,37.4,81,90,2.89,US,1611943004
Boa Vista,2.8197,-60.6733,89.6,40,75,8.05,BR,1611943217
Abilene,32.4487,-99.7331,54.0,71,1,13.8,US,1611943408
Scottsbluff,41.8666,-103.6672,30.2,80,40,8.05,US,1611943408
Oodweyne,9.4092,45.064,69.57,57,0,5.79,SO,1611943408
Pervomayskiy,53.2485,40.2871,26.89,97,99,15.84,RU,1611943408
Berlevåg,70.8578,29.0864,19.4,73,75,8.05,NO,1611943109
Nouadhibou,20.931,-17.0347,86.0,32,0,10.36,MR,1611943121
Padang,-0.9492,100.3543,75.2,94,40,1.14,ID,1611943409
Sulangan,11.1373,123.7228,79.3,81,100,28.59,PH,1611943409
Solnechnyy,50.7214,136.6319,-7.08,88,100,6.26,RU,1611943301
Togur,58.3631,82.8265,-17.55,87,64,9.75,RU,1611943410
Dukat,62.55,155.55,-29.31,83,100,3.62,RU,1611943410
Sarakhs,36.5449,61.1577,48.2,43,0,12.1,IR,1611943410
Kyra,49.5776,111.9753,-15.02,80,65,1.59,RU,1611943410
Kathmandu,27.7167,85.3167,44.6,76,20,3.44,NP,1611943171
General Roca,-39.0333,-67.5833,68.0,68,40,8.05,AR,1611943410
Adeje,28.1227,-16.726,78.01,68,0,9.22,ES,1611943366
Linxia Chengguanzhen,35.6003,103.2064,24.75,78,100,1.52,CN,1611943411
Broken Hill,-31.95,141.4333,71.6,56,1,14.97,AU,1611943411
Pandan,14.0453,124.1694,74.75,83,97,22.75,PH,1611943411
Alta Floresta,-9.8756,-56.0861,87.8,62,40,4.61,BR,1611943411
Ilulissat,69.2167,-51.1,-0.4,55,1,5.75,GL,1611943411
San Nicolas,18.1725,120.5953,64.4,94,20,2.3,PH,1611943411
Ankpa,7.3706,7.6253,83.97,14,4,3.09,NG,1611943412
Muravlenko,63.7898,74.523,-39.73,81,5,8.61,RU,1611943412
Anadyr,64.75,177.4833,-18.0,83,0,2.24,RU,1611943128
Jalu,29.0331,21.5482,54.63,70,0,4.45,LY,1611943412
Nabire,-3.3667,135.4833,73.96,93,100,3.94,ID,1611943155
Nan,18.8333,100.6667,69.13,64,47,1.25,TH,1611943412
Dinguiraye,11.3,-10.7167,89.76,12,49,2.51,GN,1611943413
Musoma,-1.5,33.8,73.56,74,3,5.46,TZ,1611943413
Yatou,37.15,122.3833,36.19,83,0,14.58,CN,1611943129
Skjervøy,70.0311,20.9714,14.0,57,20,16.11,NO,1611943413
Namatanai,-3.6667,152.4333,81.43,82,30,10.6,PG,1611943161
Arman',59.7,150.1667,-16.73,78,69,11.25,RU,1611943414
Coyhaique,-45.5752,-72.0662,59.0,41,40,10.36,CL,1611943152
Manokwari,-0.8667,134.0833,76.96,81,100,8.84,ID,1611943115
Bongandanga,1.5,21.05,81.97,63,92,1.68,CD,1611943414
Alice,27.7523,-98.0697,75.2,49,20,8.05,US,1611943414
Vestmanna,62.1564,-7.1664,32.0,64,75,10.36,FO,1611943414
Harper,4.375,-7.7169,80.46,80,51,5.86,LR,1611943120
Hastings,50.8552,0.5729,50.0,72,11,7.0,GB,1611943373
Kloulklubed,7.0419,134.2556,78.8,73,75,9.22,PW,1611943167
Rayong,12.8333,101.4333,77.0,83,39,0.36,TH,1611943415
Kaeo,-35.1,173.7833,55.0,90,2,4.0,NZ,1611943170
Salalah,17.0151,54.0924,73.4,64,75,9.22,OM,1611943415
Ulkan,57.243,107.3223,-38.99,78,60,2.71,RU,1611943416
Esperance,-33.8667,121.9,57.2,82,0,5.75,AU,1611943001
Natal,-5.795,-35.2094,87.8,66,40,18.41,BR,1611942903
Teluk Nibung,3.001,99.8164,74.23,91,100,3.24,ID,1611943416
Hailar,49.2,119.7,-25.64,85,91,5.14,CN,1611943416
Dubbo,-32.25,148.6167,69.8,88,75,6.91,AU,1611943416
Senanga,-16.1167,23.2667,72.9,80,46,3.38,ZM,1611943416
Mahon,39.8885,4.2658,60.8,67,0,6.91,ES,1611943149
Jacareacanga,-6.2222,-57.7528,87.8,70,40,2.3,BR,1611943417
Matara,5.9485,80.5353,76.77,86,100,1.7,LK,1611943417
Ipixuna,-1.7625,-48.8043,91.4,58,75,8.05,BR,1611943417
Vaitape,-16.5167,-151.75,81.18,66,49,7.87,PF,1611943418
Agustin Codazzi,10.0341,-73.2361,95.29,28,100,6.55,CO,1611943418
Innisfail,-17.5333,146.0333,74.89,91,95,5.35,AU,1611943418
Magadan,59.5667,150.8,-15.18,78,77,9.24,RU,1611943393
Alofi,-19.0595,-169.9187,75.2,94,100,6.91,NU,1611942949
Pinerovka,51.562,43.0689,28.98,96,72,15.17,RU,1611943418
Faya,18.3851,42.4509,59.0,77,0,11.5,SA,1611943171
Develi,38.3906,35.4922,26.6,86,54,1.59,TR,1611943419
Mana,5.6592,-53.7767,79.72,84,47,10.36,GF,1611943419
San Marcos,33.1434,-117.1661,57.99,71,40,9.22,US,1611943419
Jiancheng,30.391,104.5491,42.01,94,97,1.99,CN,1611943419
Uruguaiana,-29.7547,-57.0883,84.2,70,90,13.8,BR,1611943419
São Paulo de Olivença,-3.3783,-68.8725,86.41,68,91,2.35,BR,1611943144
Rafai,4.95,23.9167,80.87,35,83,1.74,CF,1611943420
Shemonaīkha,50.6328,81.9056,11.53,92,90,6.58,KZ,1611943420
Miles City,46.4083,-105.8406,28.4,69,1,5.1,US,1611943420
Nantucket,41.2835,-70.0995,17.6,57,75,24.16,US,1611943420
Tshikapa,-6.4167,20.8,74.93,85,81,2.28,CD,1611943420
Kasongo-Lunda,-6.4667,16.8167,73.98,86,80,2.06,CD,1611943421
Imbituba,-28.24,-48.6703,86.0,66,75,11.5,BR,1611943317
Port-Gentil,-0.7193,8.7815,77.0,88,40,8.05,GA,1611943122
Kardamena,36.7814,27.1425,51.8,71,40,4.61,GR,1611943421
Santa Catarina de Tepehuanes,25.35,-105.7333,70.86,25,0,7.63,MX,1611943422
Kiama,-34.6833,150.8667,71.01,96,100,11.99,AU,1611943422
Udachny,66.4167,112.4,-39.03,80,52,3.85,RU,1611943422
Uchaly,54.2996,59.4521,3.18,94,95,4.12,RU,1611943422
The Valley,18.217,-63.0578,80.6,65,20,4.61,AI,1611943422
Saint-Pierre,-21.3393,55.4781,80.6,65,0,4.61,RE,1611943126
Beloha,-25.1667,45.05,79.27,78,100,11.92,MG,1611943006
Pinawa,50.1489,-95.8811,15.62,94,100,10.38,CA,1611943423
Svolvær,68.2342,14.5683,23.0,68,0,14.97,NO,1611943423
San Bartolomé de Tirajana,27.9248,-15.5733,73.99,68,0,4.61,ES,1611943423
Skaerbaek,55.1573,8.769,30.99,80,75,12.66,DK,1611943423
Pisco,-13.7,-76.2167,77.0,69,0,9.22,PE,1611943114
Assiut,27.181,31.1837,59.0,47,0,12.66,EG,1611943424
Luanda,-8.8368,13.2343,82.4,74,20,12.66,AO,1611943069
Kitui,-1.367,38.0106,65.68,92,34,3.47,KE,1611943424
Garden City,42.3256,-83.331,26.6,50,20,10.36,US,1611943364
Vuktyl,63.8567,57.3094,-6.41,88,94,6.73,RU,1611943424
Mae Sai,20.4335,99.8762,71.6,83,20,6.91,TH,1611943425
Parambu,-6.2111,-40.6944,80.74,68,100,3.51,BR,1611943425
Lusambo,-4.9667,23.45,77.38,59,98,1.01,CD,1611943170
Dodge City,37.7528,-100.0171,42.01,65,1,13.8,US,1611943425
Ponta Delgada,37.7333,-25.6667,62.6,77,20,11.5,PT,1611943183
Freeport,40.6576,-73.5832,24.01,36,20,23.02,US,1611943282
Bereket,39.2446,55.5154,51.31,46,97,3.78,TM,1611943426
Kargopol',61.5071,38.9456,22.1,97,100,8.14,RU,1611943426
Ōtake,34.2,132.2167,32.0,64,1,4.61,JP,1611943426
Rudnogorsk,57.2639,103.7519,-26.25,84,100,5.93,RU,1611943427
Ixtapa,20.7,-105.2,80.6,54,20,3.02,MX,1611943337
Emporia,38.4039,-96.1817,46.4,61,1,18.41,US,1611943386
Fengxian,34.7039,116.5872,44.01,59,83,1.01,CN,1611943427
Superior,46.7208,-92.1041,21.2,58,1,4.61,US,1611943234
Yulara,-25.2406,130.9889,80.6,61,75,17.27,AU,1611943131
China,25.7,-99.2333,66.78,65,75,11.18,MX,1611943319
San Joaquin,37.9333,-121.3011,50.0,76,90,1.59,US,1611943428
Agadez,19.75,10.25,59.65,27,0,4.03,NE,1611943428
Fulton,33.7668,-84.4499,48.99,34,1,3.44,US,1611943415
Naze,28.3667,129.4833,48.69,73,65,14.07,JP,1611943155
Tonstad,58.6626,6.7169,32.0,74,0,3.44,NO,1611943428
Tessalit,20.1986,1.0114,72.77,17,0,9.46,ML,1611943125
Panzhihua,26.5851,101.7128,45.0,53,0,0.49,CN,1611943429
Daru,-9.0763,143.2092,77.99,88,99,14.2,PG,1611943429
